<?xml version="1.0" encoding="UTF-8"?>
<project-private xmlns="http://www.netbeans.org/ns/project-private/1">
    <editor-bookmarks xmlns="http://www.netbeans.org/ns/editor-bookmarks/2" lastBookmarkId="0"/>
    <open-files xmlns="http://www.netbeans.org/ns/projectui-open-files/2">
        <group>
            <file>file:/D:/XAMPP/htdocs/Reactor_Page_Final_IM2/uploads/Screenshot%202023-05-02%20145233.png</file>
            <file>file:/D:/XAMPP/htdocs/Reactor_Page_Final_IM2/uploads/Member%204.png</file>
            <file>file:/D:/XAMPP/htdocs/Reactor_Page_Final_IM2/uploads/1744509852_439405947_122096711996294914_5353492213005710897_n.jpg</file>
            <file>file:/D:/XAMPP/htdocs/Reactor_Page_Final_IM2/res/about.css</file>
            <file>file:/D:/XAMPP/htdocs/Reactor_Page_Final_IM2/uploads/Screenshot%202023-05-02%20145144.png</file>
            <file>file:/D:/XAMPP/htdocs/Reactor_Page_Final_IM2/res/mystyle.css</file>
            <file>file:/D:/XAMPP/htdocs/Reactor_Page_Final_IM2/view-post.php</file>
            <file>file:/D:/XAMPP/htdocs/Reactor_Page_Final_IM2/sign-up.php</file>
            <file>file:/D:/XAMPP/htdocs/Reactor_Page_Final_IM2/profile.php</file>
            <file>file:/D:/XAMPP/htdocs/Reactor_Page_Final_IM2/uploads/1744732210_455713973_874835001370791_1561421704192810663_n.jpg</file>
            <file>file:/D:/XAMPP/htdocs/Reactor_Page_Final_IM2/res/eula.css</file>
            <file>file:/D:/XAMPP/htdocs/Reactor_Page_Final_IM2/index.php</file>
            <file>file:/D:/XAMPP/htdocs/Reactor_Page_Final_IM2/editprofilebio.php</file>
            <file>file:/D:/XAMPP/htdocs/Reactor_Page_Final_IM2/about.php</file>
            <file>file:/D:/XAMPP/htdocs/Reactor_Page_Final_IM2/models/signin-user.php</file>
            <file>file:/D:/XAMPP/htdocs/Reactor_Page_Final_IM2/uploads/1744462881_Nexus-Vengeance-librarian.png</file>
            <file>file:/D:/XAMPP/htdocs/Reactor_Page_Final_IM2/sign-in.php</file>
            <file>file:/D:/XAMPP/htdocs/Reactor_Page_Final_IM2/sign-out.php</file>
            <file>file:/D:/XAMPP/htdocs/Reactor_Page_Final_IM2/res/view-post.css</file>
            <file>file:/D:/XAMPP/htdocs/Reactor_Page_Final_IM2/uploads/441048596_122102875016294914_7508769813751303533_n.jpg</file>
            <file>file:/D:/XAMPP/htdocs/Reactor_Page_Final_IM2/uploads/1744463182_440761459_122100874064294914_5735391723409384029_n.jpg</file>
            <file>file:/D:/XAMPP/htdocs/Reactor_Page_Final_IM2/res/viewcomment.css</file>
            <file>file:/D:/XAMPP/htdocs/Reactor_Page_Final_IM2/models/signup-user.php</file>
            <file>file:/D:/XAMPP/htdocs/Reactor_Page_Final_IM2/models/edit-post.php</file>
            <file>file:/D:/XAMPP/htdocs/Reactor_Page_Final_IM2/eula.php</file>
            <file>file:/D:/XAMPP/htdocs/Reactor_Page_Final_IM2/models/dbconnection.php</file>
            <file>file:/D:/XAMPP/htdocs/Reactor_Page_Final_IM2/views/header.php</file>
            <file>file:/D:/XAMPP/htdocs/Reactor_Page_Final_IM2/uploads/1744947061_pngegg%20(1).png</file>
            <file>file:/D:/XAMPP/htdocs/Reactor_Page_Final_IM2/models/live-search.php</file>
            <file>file:/D:/XAMPP/htdocs/Reactor_Page_Final_IM2/models/delete-post.php</file>
            <file>file:/D:/XAMPP/htdocs/Reactor_Page_Final_IM2/res/home.css</file>
            <file>file:/D:/XAMPP/htdocs/Reactor_Page_Final_IM2/uploads/1744462861_Nexus-Vengeance-librarian.png</file>
            <file>file:/D:/XAMPP/htdocs/Reactor_Page_Final_IM2/uploads/440761459_122100874064294914_5735391723409384029_n.jpg</file>
        </group>
    </open-files>
</project-private>
